project_id,cohort,team_name,project_name,project_type,domain,attack_surface,methodology,output_type,presenter_alias,public_follow_up,public_github,evidence_level,status,notes
c1-p1,1,다섯공주들,Scouter X,final_project,Web3 security visibility,ecosystem security posture,dashboard / security visualization,dashboard,,UDC 2024,,A,confirmed,Official cohort-1 showcase identifies team and project.
c1-p2,1,Gamza.net,Uniswap v4 Hook Security Tooling,final_project,DeFi / Uniswap v4,Hook contracts,vulnerability detection / prevention tooling,tool,,,,A,confirmed,Public final-project repository not located yet.
c1-p3,1,시추코기,Account Abstraction Paymaster Threat Modeling,final_project,Account Abstraction,Paymaster,threat modeling,GitBook / open-source research,,UDC 2024,,A,confirmed,Official showcase describes threat modeling and open-source/GitBook output.
c1-p4,1,DeepHigh,Lending Protocol Threat Modeling Framework & Attack Library,final_project,DeFi lending,lending protocol invariants / attacks,threat modeling / case taxonomy,framework / 350-case attack library,,,https://deephigh.gitbook.io/deephigh/,A+B,confirmed,Participant-owned public GitBook located.
c2-p1,2,UMA,Account Abstraction + Cross-chain Audit & Threat Modeling,final_project,AA / cross-chain,cross-chain + account abstraction trust boundaries,audit / threat modeling,research / audit,,UDC 2025,,A,confirmed,Official 2nd-cohort interview; later expanded toward chain abstraction.
c2-p2,2,Chain Stalker,Perp DEX Money-Laundering Effectiveness Analysis,final_project,DeFi / AML,Perpetual DEX fund flows,transaction-flow analysis,analysis / research,,UDC 2025,,A,confirmed,Official interview says later scope expanded toward CEX.
c2-p3,2,베어문,Berachain PoL Ecosystem Threat Analysis & Security Guideline,final_project,Berachain / PoL,ecosystem / protocol trust model,threat analysis,security guideline,,,,A,confirmed,Final-project repo not located publicly.
c2-p4,2,Stak Audit Flow,Smart Contract AI Audit Agent,final_project,AI for security / smart contracts,smart-contract audit workflow,AI-assisted auditing,AI agent,,,,A,confirmed,Potential thematic relation to cohort-4 benchmark; direct lineage not established.
c3-p1,3,Funarchy,Prediction Market Audit & Threat Modeling,final_project,Prediction markets,configuration / trading / oracle & data / governance / operation,audit / threat modeling,research / dashboard,user99,.HACK 2026,,A,confirmed,Later .HACK talk explicitly uses Funarchy project identity; do not merge user99 with real name without evidence.
c3-p2,3,우리는 월렛(wallet) 그래,Social Login Wallet SDK Security Review,final_project,Wallet security,authentication / social login / key management / wallet SDK,security review / audit,security assessment,emsa,,,A,confirmed,emsa is independently confirmed as cohort-3 alumnus.
c3-p3,3,Giwa second,프로젝트 봉화 — GIWA Verified Address Tracking & Reputation,final_project,On-chain security intelligence,verified address / entity reputation,on-chain analysis / tracking / reputation scoring,tooling,lmxx,,,A+B,confirmed,lmxx public alumni blog located; project repo not located.
c3-p4,3,Koracle,GIWA Security Oracle Infrastructure,final_project,Oracle / Korean DeFi,price oracle / domestic exchange aggregation,oracle infrastructure / security analysis,infrastructure,req,.HACK 2026,,A,confirmed,Later KORACLE conference talk is explicit; do not merge req with real name without evidence.
c4-p1,4,지갑방위대,Personal Pre-signing Policy Management / Unintended Signature Prevention,final_project,Wallet security,transaction/signature intent,policy enforcement / preventive tooling,wallet security tool,,,,C,confirmed,Confirmed by Dunamu-provided media coverage; official detailed project page still to locate.
c4-p2,4,Bench-Clearing,Web3 Audit AI Agent Benchmark,final_project,AI security evaluation,AI audit agents,benchmark / evaluation,benchmark,,,,C,confirmed,Strong longitudinal comparison candidate with cohort-2 AI audit agent; direct lineage not established.
c4-p3,4,bonda,Blockchain Data Availability Ecosystem Threat Modeling,final_project,Blockchain infrastructure / DA,data availability ecosystem,threat modeling,research / threat model,,,,C,confirmed,Public final-project repo not located.
c4-p4,4,Chain Spiral,DeFi Risk Visualization Map / Exposure Intelligence,final_project,DeFi risk intelligence,token/protocol dependency graph,on-chain data pipeline / risk modeling / visualization,tool / visualization,,,https://github.com/LeeYeonSooo/risk-exposure-monitoring,B+C,confirmed,Repository README explicitly identifies UPSide Academy 4th cohort ChainSpiral team project.
