source_id,cohort,source_type,artifact_type,project_name,team_name,author_or_presenter,title,publisher,url,date,official_status,evidence_level,parent_project,follow_up_of,github_repo,video_url,cohort_attribution,notes
s-common-01,,official_homepage,homepage,,,,UPSide Academy,UPSide,https://upside.center/,,official,A,,,,,direct,Main official site.
s-common-02,,official_homepage,program,,,,UPSide Program,UPSide,https://upside.center/program,,official,A,,,,,direct,Program / curriculum page.
s-common-03,,official_homepage,news_index,,,,UPSide News,UPSide,https://upside.center/news,,official,A,,,,,direct,Official news/activity/article index.
s1-01,1,showcase,cohort_showcase,,,,UPSide Academy 1기 성과공유회,UPSide,https://upside.center/news/activity/uDrPQZgO,2024-11-20,official,A,,,,,direct,Primary source for all four cohort-1 final projects.
s1-02,1,project_docs,gitbook,Lending Protocol Threat Modeling Framework & Attack Library,DeepHigh,,DeepHigh GitBook,DeepHigh,https://deephigh.gitbook.io/deephigh/,,participant_owned,B,c1-p4,,https://deephigh.gitbook.io/deephigh/,,direct,Participant-owned public project documentation.
s1-03,1,technical_article,guide,,,castle,Web3 보안을 배우고 싶은 사람을 위한 가이드,UPSide,https://upside.center/news/article/kMAtqOrk,,official,A,,,,,direct,Official technical article.
s1-04,1,video,cohort_video,,,,아카데미 1기 과정 스케치 영상,UPSide,https://upside.center/news/notice/RkaDEVOm,,official,A,,,,embedded_on_page,direct,Official page embedding cohort video.
s1-05,1,follow_up_research,research,,,castle; kenny; kyrie; Muang; Sori,2025 Web3 보안사고 사례 후속 연구,UPSide,https://upside.center/news/activity/vJrZAGGI,2025,official,A,,cohort-1 alumni research,,,direct,Follow-up study by 1st-cohort Web3 IR team.
s2-01,2,recruitment,cohort_notice,,,,UPSide Academy 2기 모집 안내,UPSide,https://upside.center/news/notice/TNyfAPkM,2025,official,A,,,,,direct,Cohort dates and schedule.
s2-02,2,cohort_activity,kickoff,,,,UPSide Academy 2기 발대식,UPSide,https://upside.center/news/activity/hRChvjNw,2025,official,A,,,,,direct,Kickoff / cohort information.
s2-03,2,showcase,project_interview,,,,UPSide Academy 2기 우수팀 인터뷰,UPSide,https://upside.center/news/activity/kYXCVzYE,2025,official,A,,,,,direct,Primary source summarizing four final projects and follow-up directions.
s2-04,2,technical_article,retrospective,,,zin,업사이드 아카데미 2기 회고록,UPSide,https://upside.center/news/article/huQzVYtk,2025,official,A,,,,,direct,Official alumni retrospective.
s2-05,2,technical_article,audit_guide,,,wiimdy,First audit contest 진행 가이드,UPSide,https://upside.center/news/article/xRVrubFr,2025,official,A,,,,,direct,Official article; links to UpNFT educational assignment.
s2-06,2,github,educational_assignment,UpNFT,,wiimdy,UpNFT — NFT Auction Protocol,GitHub,https://github.com/wiimdy/UpNFT,2025,participant_owned,B,,,https://github.com/wiimdy/UpNFT,,direct,"Educational assignment, not a final cohort project."
s2-07,2,technical_article,defi_article,,,tamaNeko,DeFi 탐구일지(Lending),UPSide,https://upside.center/news/article/WSslbNve,2025,official,A,,,,,direct,Official technical article.
s2-08,2,technical_article,crypto_article,,,tamaNeko,타원 곡선 암호의 개념과 활용,UPSide,https://upside.center/news/article/VqgvuKtA,2025,official,A,,,,,direct,Official technical article.
s2-09,2,technical_article,ethereum_article,,,wiimdy,이더리움이 Real-time prove을 이루는 방법,UPSide,https://upside.center/news/article/lqFHBbkx,2025,official,A,,,,,direct,Official technical article.
s2-10,2,follow_up_research,research,,,erwin; wiimdy; omin; mooji; tamaNeko,UPSide ZKP 후속 연구,UPSide,https://upside.center/news/activity/vJrZAGGI,2025,official,A,,cohort-2 alumni research,,,direct,Follow-up research team.
s2-11,2,technical_article,hackathon_review,,,tamaNeko,Sui-mming 해커톤 리뷰,UPSide,https://upside.center/news/article/WFVlzUMa,2025,official,A,,,,,direct,Alumni follow-up / hackathon artifact.
s3-01,3,recruitment,cohort_notice,,,,UPSide Academy 3기 모집 안내,UPSide,https://upside.center/news/notice/HPgnnVtG,2025,official,A,,,,,direct,Cohort schedule.
s3-02,3,cohort_activity,participant_interview,,,emsa; nogie; Platypus; KorHaeTae,UPSide 3기 3번방 인터뷰,UPSide,https://upside.center/news/activity/uhAaZCpK,2025,official,A,,,,,direct,Participant-room interview; not evidence of final team membership.
s3-03,3,showcase,cohort_showcase,,,,UPSide Academy 3기 UP-Date Day,UPSide,https://upside.center/news/activity/zArXUHLj,2025-12-23,official,A,,,,,direct,Primary source for final 4 projects.
s3-04,3,technical_article,defi_analysis,,,emsa,One Bug Per Day로 시작하는 Web3 1-day 분석,UPSide,https://upside.center/news/article/lYJtmvSh,2026-04,official,A,,,,,direct,Official article explicitly identifies emsa as cohort-3 alumnus.
s3-05,3,technical_article,honeypot_analysis,,,Nogie,제가 한번 당해보겠습니다: Honeypot 피해 분석 리포트,UPSide,https://upside.center/news/article/GxtVKlwH,2026,official,A,,,,,direct,Official technical article.
s3-06,3,video,cohort_video,,,,UPSide Academy 3기 스케치 영상,UPSide,https://upside.center/news/notice/qUNdzccj,2025,official,A,,,,embedded_on_page,direct,Official page embedding cohort video.
s3-07,3,alumni_blog,retrospective,프로젝트 봉화,Giwa second,lmxx,UPSide Academy 3rd 후기 & 근황,lmxx,https://lmxx.tistory.com/80,2026-03,participant_owned,B,c3-p3,,,,direct,Participant-owned retrospective.
s3-08,3,conference,talk,Prediction Market Audit & Threat Modeling,Funarchy,김상현,Prediction Market Audit & Threat Modeling,.HACK,https://dothack.io/session/web302,2026,official,A,c3-p1,c3-p1,,,direct,Explicit Funarchy team continuation.
s3-09,3,conference,talk,GIWA Security Oracle Infrastructure,Koracle,이건하,KORACLE: 원화스테이블 시대의 국내 DeFi 오라클 문제,.HACK,https://dothack.io/session/koracle-weonhwaseuteibeul-sidaeyi-gugnae-defi-orakeul-munje,2026,official,A,c3-p4,c3-p4,,,direct,Explicit KORACLE continuation.
s4-01,4,recruitment,cohort_notice,,,,2026 UPSide Academy 4기 모집 안내,서울대학교 컴퓨터공학부,https://cse.snu.ac.kr/ko/community/notice/24571,2026,secondary_official_notice,A/C,,,,https://youtu.be/HiyRtXQhW0w,direct,University notice reproduces organizer recruitment details and info-session video.
s4-02,4,video,info_session,,,,UPSide Academy 4기 사전설명회 다시보기,Theori TV,https://youtu.be/HiyRtXQhW0w,2026,official,A,,,,https://youtu.be/HiyRtXQhW0w,direct,Theori TV video.
s4-03,4,showcase,cohort_showcase,,,,UPSide Academy 4기 UP-Date Day,NewsPim / Dunamu-provided,https://mobile2.newspim.com/news/view/20260702000109,2026-07-02,media_from_organizer,C,,,,,direct,Confirms final four project topics and event.
s4-04,4,github,project_repo,DeFi Risk Visualization Map / Exposure Intelligence,Chain Spiral,LeeYeonSooo,risk-exposure-monitoring,GitHub,https://github.com/LeeYeonSooo/risk-exposure-monitoring,2026,participant_owned,B,c4-p4,,https://github.com/LeeYeonSooo/risk-exposure-monitoring,,direct,README explicitly identifies cohort-4 ChainSpiral project.
su-01,,technical_article,unresolved_cohort,,,wellbird,Web3 프론트엔드 개발자가 자주 놓치는 보안 실수 5가지,UPSide,https://upside.center/news/article/hQGLUMuu,2026-04-06,official,A,,,,,unresolved,Do not assign to cohort based on date alone.
su-02,,technical_article,unresolved_cohort,,,5ubm4rin3,"단 하나의 +가 8,535 ETH를 만들었다: Truebit Integer Overflow 공격 해부",UPSide,https://upside.center/news/article/uwHHbaCX,2026-04-06,official,A,,,,,unresolved,Do not assign to cohort based on date alone.
su-03,,technical_article,unresolved_cohort,,,June,Deep Dive into ePBS,UPSide,https://upside.center/news/article/eZTWriav,2026-04-23,official,A,,,,,unresolved,Do not assign to cohort based on date alone.
